Country_ID,Country,Region,Year,Gender,Population
1,Turkey,Europe,2018,Female,41000000
1,Turkey,Europe,2018,Male,42000000
1,Turkey,Europe,2019,Female,41500000
1,Turkey,Europe,2019,Male,42500000
1,Turkey,Europe,2020,Female,42000000
1,Turkey,Europe,2020,Male,43000000
2,Germany,Europe,2018,Female,41500000
2,Germany,Europe,2018,Male,40000000
2,Germany,Europe,2019,Female,41800000
2,Germany,Europe,2019,Male,40300000
2,Germany,Europe,2020,Female,42000000
2,Germany,Europe,2020,Male,40500000
3,Japan,Asia,2018,Female,62000000
3,Japan,Asia,2018,Male,61000000
3,Japan,Asia,2019,Female,61800000
3,Japan,Asia,2019,Male,60800000
3,Japan,Asia,2020,Female,61500000
3,Japan,Asia,2020,Male,60500000
